horizon,target,model,uses_covariates,n_covariates,covariates,predictor_id,mean_crps,n_scores,n_predictions,skipped_origins,dir_precision_up,dir_recall_up,dir_f1_up,dir_accuracy,dir_roc_auc_prob_up,dir_n_eval
1,sp500_logret_1b,darts_autoarima,False,0,—,darts_autoarima,0.003182947431363821,3,3,0,0.5,1.0,0.6666666666666666,0.6666666666666666,1.0,3
1,sp500_logret_1b,darts_ets,False,0,—,darts_ets,0.003269316553469685,3,3,0,0.0,0.0,0.0,0.0,0.0,3
1,sp500_logret_1b,last_value_naive,False,0,—,last_value_naive,0.011695163247739811,3,3,0,0.3333333333333333,1.0,0.5,0.3333333333333333,0.5,3
5,sp500_logret_5b,darts_autoarima,False,0,—,darts_autoarima,0.009684754093001336,3,3,0,0.5,0.5,0.5,0.3333333333333333,0.0,3
5,sp500_logret_5b,darts_ets,False,0,—,darts_ets,0.013938647388121853,3,3,0,0.5,0.5,0.5,0.3333333333333333,0.0,3
5,sp500_logret_5b,last_value_naive,False,0,—,last_value_naive,0.019309395614625458,3,3,0,0.5,0.5,0.5,0.3333333333333333,0.25,3
21,sp500_logret_21b,darts_autoarima,False,0,—,darts_autoarima,0.015468348443813848,3,3,0,0.5,0.5,0.5,0.3333333333333333,0.5,3
21,sp500_logret_21b,darts_ets,False,0,—,darts_ets,0.022700725385397674,3,3,0,0.6666666666666666,1.0,0.8,0.6666666666666666,0.5,3
21,sp500_logret_21b,last_value_naive,False,0,—,last_value_naive,0.02683936452906742,3,3,0,0.6666666666666666,1.0,0.8,0.6666666666666666,0.5,3
